seq_ID,Sequence,Compliment



seq1R,ATTGCTTGGATTTCAAGCTTGGGCAACCGTCCATTGCGATTGCCAATCAAGGCCTTGTCACAGAGTGCAGTGACTAATCTACCTAAAGACCCCCAGTCAC,TAACGAACCTAAAGTTCGAACCCGTTGGCAGGTAACGCTAACGGTTAGTTCCGGAACAGTGTCTCACGTCACTGATTAGATGGATTTCTGGGGGTCAGTG
seq2R,ATCCCATACCGTGGTACAGTGAGGGAAGCTTCCTCGAAGACCGGCTCATTCAAGATGTTATCCGTGGCTGTTCTGACACAGTATGAACCTCAGCCTGATA,TAGGGTATGGCACCATGTCACTCCCTTCGAAGGAGCTTCTGGCCGAGTAAGTTCTACAATAGGCACCGACAAGACTGTGTCATACTTGGAGTCGGACTAT
seq3R,GGACCAAAGGCCATGGATACCCCTTCGATTCTTACACTAATCAGAGTCATACTGTTAAACCTGCACACTATACATGTACAATGGTTACGCCTCCTACTAG,CCTGGTTTCCGGTACCTATGGGGAAGCTAAGAATGTGATTAGTCTCAGTATGACAATTTGGACGTGTGATATGTACATGTTACCAATGCGGAGGATGATC
seq4R,GTGGGTCTGGGTTGACCGACCTGTATTAATCAGGAGAGCTGGTTCGCGCACAATTACCACGTCGGTTTTACTTAAAACAC,CACCCAGACCCAACTGGCTGGACATAATTAGTCCTCTCGACCAAGCGCGTGTTAATGGTGCAGCCAAAATGAATTTTGTG
seq5R,CTCTGTTACTCGACATCAGTCAATCGGGGCAGGGTTTGGGATACTGTACTCGCAGCGCGAGCCCACTGAAGACAGGCTTTTTCCCGAGTACTGACGGTCTAATCGGTCCGGTACCGGTCAAATGGCCGGATGTCGGTTTATCTCTGCCAC,GAGACAATGAGCTGTAGTCAGTTAGCCCCGTCCCAAACCCTATGACATGAGCGTCGCGCTCGGGTGACTTCTGTCCGAAAAAGGGCTCATGACTGCCAGATTAGCCAGGCCATGGCCAGTTTACCGGCCTACAGCCAAATAGAGACGGTG
seq6R,CACGAGGGATGCACTGGTTAAATTAGCTCCCTGGCATCCCTACCTGCTCAGGGACAGGCCCATGCGGGGACATGTGCTTAGGTTGTTAAAC,GTGCTCCCTACGTGACCAATTTAATCGAGGGACCGTAGGGATGGACGAGTCCCTGTCCGGGTACGCCCCTGTACACGAATCCAACAATTTG
seq7R,TATCTTCTAGAATCATCGAGCCTACTTAACCGGATTAAAGCTCACGTTGTAGCCTGG,ATAGAAGATCTTAGTAGCTCGGATGAATTGGCCTAATTTCGAGTGCAACATCGGACC
seq8R,GGGTGGCATATGAGTCTATAGGAGTGGACACGTGGACGCTTGGTCGGTCATGTCGCCCTACCTCGAGTCGAGTAGAAGCGTAACCGTCACAGCTCTGTTATGTACCCACCCCTTCGTTTCTTGCAGATTGCCCTCAAGTTGATTGATAGGAAAGGTTCAAGAAGTCAAACCCAACCGGCTTCGTATTGTGAGTACACAGCATTAGGGGTAACCATCCTAGCTATCGATTCCGG,CCCACCGTATACTCAGATATCCTCACCTGTGCACCTGCGAACCAGCCAGTACAGCGGGATGGAGCTCAGCTCATCTTCGCATTGGCAGTGTCGAGACAATACATGGGTGGGGAAGCAAAGAACGTCTAACGGGAGTTCAACTAACTATCCTTTCCAAGTTCTTCAGTTTGGGTTGGCCGAAGCATAACACTCATGTGTCGTAATCCCCATTGGTAGGATCGATAGCTAAGGCC
seq9R,CATGATTTTTCGTGCTTTTTTTAGGCTGCCCATTCGCATCAATTATGTGCGGGTGTCCGTTAAAGGATAATCGGTCCACTAGGTAGTTGCTGGGCTTGTAAAGTGCTTATTTCAGTTGCTACAGCGCGAGAGCTCTCTGCTACAATGGTGAAATGGCCCCATTGCGTTCAGGTGTTTATGATGGATGGAGGGTGTCATCTAATCGCTCCACACCATTTCACAATTTGATAGCAATTTCCGAATTTTAGTTAAGAGAGTGGGGTTAACGGGCGAAAAGGTTCACTATGTGTATCGTTGTAAAGCAGGGCTTGATCTATCGCCAATGCAAGCGGCTCAACACCCCAGGGTTCTGTTGTATAAGGCGGCTTGGTCGGCAGTTTTGGTACTTCGCTAATAGTATAACGCGGGACGTTCGCTGGGGAGCGGGCCGTTCCGGGGCAGCTCTGATCGGACCTATGATATTCACGAGGTGCTTGATTCTGGGTGATATCATGGGGCACCTTAACGGAATAGTATTGCCACCCATTCCGGGTAAACTCGAAGGTAGCGATCACGATTGA,GTACTAAAAAGCACGAAAAAAATCCGACGGGTAAGCGTAGTTAATACACGCCCACAGGCAATTTCCTATTAGCCAGGTGATCCATCAACGACCCGAACATTTCACGAATAAAGTCAACGATGTCGCGCTCTCGAGAGACGATGTTACCACTTTACCGGGGTAACGCAAGTCCACAAATACTACCTACCTCCCACAGTAGATTAGCGAGGTGTGGTAAAGTGTTAAACTATCGTTAAAGGCTTAAAATCAATTCTCTCACCCCAATTGCCCGCTTTTCCAAGTGATACACATAGCAACATTTCGTCCCGAACTAGATAGCGGTTACGTTCGCCGAGTTGTGGGGTCCCAAGACAACATATTCCGCCGAACCAGCCGTCAAAACCATGAAGCGATTATCATATTGCGCCCTGCAAGCGACCCCTCGCCCGGCAAGGCCCCGTCGAGACTAGCCTGGATACTATAAGTGCTCCACGAACTAAGACCCACTATAGTACCCCGTGGAATTGCCTTATCATAACGGTGGGTAAGGCCCATTTGAGCTTCCATCGCTAGTGCTAACT
seq10R,GAAACTTCTAGAGATCTATTAGATCTGAAGAGGCAACAAGGCCTAGGCACTGGACATAAGTGAGAGTACAGGTAAGCCGGTCAGCCACCTGCTCGGGATAGTCTCGTCAAGTCTCACGGTCTTCTGAAGGTGGAAGTCCCCTGTCATAGACCCCAGGGTTATATCGCCCAAGGGTGTGAATTGCAGATGGAATTTACCTGCTGTAGGGTGAAGCAGCGTGCCAGCGATCAGAGAGATCTATACGCAAGAAGTCAGCTCGTAATACCTACAAGAGTACCATTATTGCCTCACGTGTTCAGATACTTGTCCCTGATTGGCTCAATTCCTGGGCCGGGAGCTAAGGATAAGGCTGAATAAGGTGTAGATTGGTATCAGGTGTACGCTGCTATAAACTGTGACTTCTGGTGGAATGGTAACAGAGCCCGCCACCCGATTTCTACACGCTTCACCATGCTAATCTTGTGTGCTCGCCATCATCTTTATCTTAACTCAGGAGCGAGGAAAGAATCCCTCCCAGAGAGCCCTTCTGACGGAAGAAGTTCAACACCGCGCTCAAATTGCCTGGCTCCCTCTGCGGTCAATTACCAGCGTTTGCGCGTC,CTTTGAAGATCTCTAGATAATCTAGACTTCTCCGTTGTTCCGGATCCGTGACCTGTATTCACTCTCATGTCCATTCGGCCAGTCGGTGGACGAGCCCTATCAGAGCAGTTCAGAGTGCCAGAAGACTTCCACCTTCAGGGGACAGTATCTGGGGTCCCAATATAGCGGGTTCCCACACTTAACGTCTACCTTAAATGGACGACATCCCACTTCGTCGCACGGTCGCTAGTCTCTCTAGATATGCGTTCTTCAGTCGAGCATTATGGATGTTCTCATGGTAATAACGGAGTGCACAAGTCTATGAACAGGGACTAACCGAGTTAAGGACCCGGCCCTCGATTCCTATTCCGACTTATTCCACATCTAACCATAGTCCACATGCGACGATATTTGACACTGAAGACCACCTTACCATTGTCTCGGGCGGTGGGCTAAAGATGTGCGAAGTGGTACGATTAGAACACACGAGCGGTAGTAGAAATAGAATTGAGTCCTCGCTCCTTTCTTAGGGAGGGTCTCTCGGGAAGACTGCCTTCTTCAAGTTGTGGCGCGAGTTTAACGGACCGAGGGAGACGCCAGTTAATGGTCGCAAACGCGCAG
seq12R,CAAGGGCTAGCTTACTGTCTCTTGGTTGATGCGGTCTGTAGTTCACCGGATAGGGGATTTCAGGCGCCAATCTACTCGCAGCGGTCTTCTTTTCGCGCGCAATTGAGCTAAGGCCCCAGAGAGGTATGAACTGCAGAAACAAATGGGAGGACCGCACCTGGCTGACGGTGGAACTAAATCGCTAGGCGGGCGGGATAGGTAACTCATGGACCCTTGGTTCCCTTCGAGCCACGCGTCGCAATCCGATAGAAGAACTGCAGGTAATTGGTGCCACGAATGGTGCGATAGGGGAACTCGAGCGCGTACGCTGGGCGATAAATACGGTAACCTCACTATCTAAGTAATATTTACTATAAGAGAGCCTCTTCCCTATCCCTCAGTACAATGTTGTGGTGCCAGCACTTCCTAAACTTGACCACTGTAGTTAGCATATAATCGTTTTACTTGGGCTAGATTGACAACGGCACTACTCTATCAAGGGGGCTCTTAGACAGTTTGCGTGTATACGTGTATAGGATTATGCTAACTGCTCGACTTCATGTTGATTAGGCCCAGTCCCTCTACCGAAGGAGGCCGGGTCTTGGCAGGGTGGAAATTATGCACCTCCATCCACAAGTCGTCGATTAGTCTGCGTCACGATCCGACAATACGAGTTGCGTAAGTACTGCGAAACCCCGACCTGGCCATGCTTGTGTGGTCACACACCTGATAGTTTGCACGTGTCCCGCTCAGCTGACTTAGGTTCGTTTACGTTGCCACTTGACGCCGGAAAATCAAATGCAGCAGGATAACTTACCGATCGGCACAACATACTAACCAGACCTGAGATGACCATAAGTCGAGTTTGCGACTTCGCCACTCTCAACCTCAATGCGGACAATTGGATGTGATCCAGCAAGCAAATATACACAGTAGCGTTTGTGAACGTTAAGACTCCGGAGCACCGTATCAATCCCGCCTTTCTGTCCAATGGGTAATGTGGTTTTCAACAATCCCCATC,
seq13R,ACGGTATTTTTAGGCAAATACTCATTCAGGTGTTACTAGACTCCTCACTGCCACGTTAGCTTGGTGGGAGTTCCGAGGACTAATTTTTGTTTTCTGGGGCATCGTAATGTACAGGAGGTCTGCTCAAAACCTATAGTGCGCCTAACAAGGGGTTCTCCATAGCTCCCTGTGCGATCATCTCTTCACTACTTTGGTTATGAGTAGCTTGGTGGAACTATAGATCTCCTCATCTGTGAGTAAAATTTCGTGGTTTGCTGATATTTATGGTATACACCCAGCCATATCAAAGACGTAAGATGAGACAGCCTAACCACTGTGACACCCTACCCTAGAGATAGAAAGGTCCTTTTAACAATTATACCCGCCTAACCCTATGCTCTCGGGCCTTATTTATGGGTAACCACAATGCTTATGGAACAGATTCGAAATCGCCTAAAAAGGTAAGATGCCCTTAAAATGCGGGACGCCTGTTGATTAACTTCATAGCCGCAGATTGTGTACCTAGGTCTCCCTTGATGGACGGCTAACGAAAGTAGGAGTAGGGGCGGGTTATATATGCACTCGCTCCCTGGCGCGTCGGCCCCGGGTTCCTCCCCATAGGAGGGCCGGGCGAGAAGCTAGACATTACTAGGGAACCTCATCACCGCCAATTGGCGTACACTTGTACCGCTTCGCTGTGCTTATAGACTCTTTCCTGGCTATCAGAGTCCCGCTTATTGAATGGCCCTGAATTTAATCACCTTCGCACTGTCTACTCTAATAGCGTCTACTCGTTAAGCATGTCGCCGTAGTACTCTCTGGATGAGTAGAAGCGATGAGCAGACAATGCATGCGGCGGTGATCTAATGCCGGTTAGCCATGTCTCCACGGGATACTGGTGTTGGCGGTTTTGAAGTAGCGCGCCTTTTGATGCGCTGATAATGGTCGTAAGAACGGTGTCTGGAAATGTCCGTCTAGGCCTCTCCTGCTCTTGGTTTCGTCCAGTATCTCCTCGTCTCAG,
seq14R,CATATACAGCGAGAACCCATGAGATTAAAAATCTCAACCGGGAAGCGCATACCATCGCCATTTCAGGCATTGGGGTCTATACTACATCGTGCCTGGAGAAAATTCATTGAGATGGAAACAGGTGAAGACAGCGTGCATGTGTACTCTCCAACTCTTGGTATGTAAACCAAAGTCTTCAAACAATGCAGCCTTCCTAGAGC,
seq15R,AAAACTTTCAGCTGACAGAACGATCGAGGATACGGCAGCGCTCTTGTATAGGGGCGGCATGTTACGTGTGGCTCTCACGCTAACCGCAGATTGTGAAGGT,TTTTGAAAGTCGACTGTCTTGCTAGCTCCTATGCCGTCGCGAGAACATATCCCCGCCGTACAATGCACACCGAGAGTGCGATTGGCGTCTAACACTTCC
seq16R,GACTGTGTAAATTCGTTGGAGTATGATTGGTCACTATAATGATGAAGGTCCAAATGCCTATAGCACACTTCTGAAAAGCCTAACCGCTCCTAGACTTGTAACCCCCACTGGTACACCGAGTTCGCGTCCCCGCTATTGCCATCAAAGAGAGATAAGTGAGCATGGTTCCCACGAGACCCATCTCCGTGGAAGAAGGGTTCAGACCCATTTGCCCGGCTTGGGCCATAGCGCGAAGCACGCCTCCGTGGCGTCGCCCAGGAGACAATCCGATACGCGCTCTTGCAAGTATAAAGTCGCTTGCAGGAGGCCCGCTCGCGACGAGGATGGGACGACCCGGTTTGCTGCACTCCGAGTTATGTACCCTCCCAATGGACACATACGAGCAGTAGCCTGCATGAGACCATTTATCTCGCTAACTGCCCTGCTTCTATTACTATGGCTGTATCTCGTTAATTTAGGTAAAGCCGGGGAGACGTCAACGAGGTATGCGCTATGCAGGT,CTGACACATTTAAGCAACCTCATACTAACCAGTGATATTACTACTTCCAGGTTTACGGATATCGTGTGAAGACTTTTCGGATTGGCGAGGATCTGAACATTGGGGGTGACCATGTGGCTCAAGCGCAGGGGCGATAACGGTAGTTTCTCTCTATTCACTCGTACCAAGGGTGCTCTGGGTAGAGGCACCTTCTTCCCAAGTCTGGGTAAACGGGCCGAACCCGGTATCGCGCTTCGTGCGGAGGCACCGCAGCGGGTCCTCTGTTAGGCTATGCGCGAGAACGTTCATATTTCAGCGAACGTCCTCCGGGCGAGCGCTGCTCCTACCCTGCTGGGCCAAACGACGTGAGGCTCAATACATGGGAGGGTTACCTGTGTATGCTCGTCATCGGACGTACTCTGGTAAATAGAGCGATTGACGGGACGAAGATAATGATACCGACATAGAGCAATTAAATCCATTTCGGCCCCTCTGCAGTTGCTCCATACGCGATACGTCC
seq17R,TGTTACACGTAGTTTGTCAC,ACAATGTGCATCAAACAGT
seq18R,TCTAATGGGGGCGCACCTGG,AGATTACCCCCGCGTGGACC
